summary,cloudCover,temperatureHigh,temperatureLow,humidity,precipProbability,precipType,dewPoint,pressure,windSpeed,windGust,visibility,uvIndex,ozone
Overcast throughout the day.,0.84,22.03,14.69,0.76,0.4,rain,13.79,1015.7,1.59,4.24,16.093,4,235.4
Clear throughout the day.,0.05,25.5,11.59,0.71,0.06,rain,13.32,1016.0,3.11,7.03,16.093,6,239.8
Clear throughout the day.,0.0,24.42,11.3,0.65,0.03,rain,9.63,1016.7,3.19,6.58,16.093,7,241.9
Clear throughout the day.,0.0,25.6,12.26,0.64,0.02,rain,9.86,1014.6,3.25,6.71,16.093,7,245.4
Clear throughout the day.,0.0,27.02,13.26,0.54,0.01,rain,7.24,1012.1,2.47,5.43,16.093,7,249.9
Clear throughout the day.,0.0,28.67,14.33,0.56,0.01,rain,9.63,1012.9,1.5,3.0,16.093,7,250.7
Clear throughout the day.,0.0,29.32,15.46,0.56,0.01,rain,10.63,1014.3,1.5,4.2,16.093,7,251.4
Clear throughout the day.,0.0,28.31,16.28,0.57,0.03,rain,11.76,1015.3,1.99,5.92,16.093,7,246.8
